rank,player,country,points,record,owr,oowp,deck,player_url
1,James Kowalski,US,49,16 - 1 - 1,67.84%,64.96%,clefairy,https://play.limitlesstcg.net/0070/player/2083
2,Neddy Kosek,CZ,45,15 - 3 - 0,61.76%,58.40%,dragapult,https://play.limitlesstcg.net/0070/player/2922
3,Justin Newdorf,US,41,13 - 2 - 2,70.20%,61.08%,dragapult,https://play.limitlesstcg.net/0070/player/0795
4,Ross Cawthon,US,41,13 - 2 - 2,64.99%,60.72%,slowking,https://play.limitlesstcg.net/0070/player/3526
5,Rahul Reddy,US,39,12 - 1 - 3,69.43%,62.30%,crustle,https://play.limitlesstcg.net/0070/player/1519
6,Jon Webb,US,39,13 - 3 - 0,57.93%,58.03%,dragapult,https://play.limitlesstcg.net/0070/player/3143
7,Juho Kallama,FI,38,12 - 2 - 2,67.73%,60.78%,mewtwo,https://play.limitlesstcg.net/0070/player/0558
8,Miguel Angel Marin Herrera,MX,38,12 - 2 - 2,67.11%,62.74%,dragapult,https://play.limitlesstcg.net/0070/player/3286
9,Abaan Ahmed,US,35,11 - 2 - 2,67.65%,61.71%,dragapult,https://play.limitlesstcg.net/0070/player/1497
10,Tord Reklev,NO,35,11 - 2 - 2,67.53%,62.01%,zoroark,https://play.limitlesstcg.net/0070/player/1095
11,Caleb Rogerson,US,35,11 - 2 - 2,63.01%,61.33%,dragapult,https://play.limitlesstcg.net/0070/player/0030
12,Jackson Ford,CA,34,11 - 2 - 1,66.84%,61.27%,dragapult,https://play.limitlesstcg.net/0070/player/3670
13,NATALIE Millar,AU,34,11 - 2 - 1,65.47%,59.71%,dragapult,https://play.limitlesstcg.net/0070/player/3486
14,Liam Halliburton,US,34,11 - 2 - 1,64.29%,61.24%,zoroark,https://play.limitlesstcg.net/0070/player/0010
15,Henry Chao,US,34,11 - 2 - 1,62.86%,57.92%,dragapult,https://play.limitlesstcg.net/0070/player/3281
16,Leonardo Lattanzi,IT,34,11 - 2 - 1,62.69%,60.89%,dragapult,https://play.limitlesstcg.net/0070/player/3595
17,Andrew Hedrick,US,34,11 - 2 - 1,60.88%,59.30%,dragapult,https://play.limitlesstcg.net/0070/player/3196
18,Mees Brenninkmeijer,NL,34,11 - 2 - 1,59.32%,56.18%,ogerpon,https://play.limitlesstcg.net/0070/player/1444
19,Lucas Xing,CA,34,11 - 2 - 1,56.05%,58.67%,zoroark,https://play.limitlesstcg.net/0070/player/1407
20,Nicholas Cucinelli,US,33,11 - 3 - 0,67.79%,60.83%,ogerpon,https://play.limitlesstcg.net/0070/player/2901
21,Aurora Viets,US,33,11 - 3 - 0,65.63%,61.47%,dragapult,https://play.limitlesstcg.net/0070/player/1227
22,Paolo Camus,FR,33,11 - 3 - 0,65.24%,62.03%,dragapult,https://play.limitlesstcg.net/0070/player/1048
23,Connor Cockerham,US,33,11 - 3 - 0,64.12%,59.52%,clefairy,https://play.limitlesstcg.net/0070/player/0444
24,Isaac Alexander Martinez Mendoza,MX,33,11 - 3 - 0,62.76%,63.00%,slowking,https://play.limitlesstcg.net/0070/player/2373
25,Grant Walworth,US,33,10 - 1 - 3,61.84%,55.99%,ogerpon,https://play.limitlesstcg.net/0070/player/0920
26,Hale Obernolte,US,33,10 - 1 - 3,60.89%,61.68%,crustle,https://play.limitlesstcg.net/0070/player/2454
27,Daniel Powell,UK,33,11 - 3 - 0,60.83%,58.99%,dragapult,https://play.limitlesstcg.net/0070/player/2722
28,Ben Dobberstein,US,33,11 - 3 - 0,60.19%,58.40%,ogerpon,https://play.limitlesstcg.net/0070/player/2114
29,Luke Morsa,US,33,11 - 3 - 0,58.93%,59.93%,zoroark,https://play.limitlesstcg.net/0070/player/3721
30,Carter Malnaik,US,32,10 - 2 - 2,70.28%,63.73%,crustle,https://play.limitlesstcg.net/0070/player/0458
31,Jack Moore,CA,32,10 - 2 - 2,65.60%,61.26%,dragapult,https://play.limitlesstcg.net/0070/player/3422
32,Caleb Gedemer,US,32,10 - 2 - 2,64.73%,61.03%,dragapult,https://play.limitlesstcg.net/0070/player/3655
33,Blake Underhill,US,32,10 - 2 - 2,64.12%,58.49%,dragapult,https://play.limitlesstcg.net/0070/player/0464
34,Rowan Stavenow,CA,32,10 - 2 - 2,63.78%,59.86%,dragapult,https://play.limitlesstcg.net/0070/player/2633
35,Benjamin Martinsen,NO,32,10 - 2 - 2,63.31%,57.24%,zoroark,https://play.limitlesstcg.net/0070/player/1582
36,Diego Cassiraga,AR,32,9 - 0 - 5,62.76%,61.05%,alakazam,https://play.limitlesstcg.net/0070/player/0165
37,Christopher Carillon,US,32,9 - 0 - 5,61.73%,59.22%,crustle,https://play.limitlesstcg.net/0070/player/3488
38,Elmar Tresp,DE,32,9 - 0 - 5,61.59%,58.55%,dragapult,https://play.limitlesstcg.net/0070/player/0697
39,Daichi Shimada,JP,32,10 - 2 - 2,61.20%,60.64%,dragapult,https://play.limitlesstcg.net/0070/player/3282
40,Ãjvind Svinhufvud,FI,32,10 - 2 - 2,60.39%,58.16%,zoroark,https://play.limitlesstcg.net/0070/player/2724
41,Francisco Osorio,CL,32,10 - 2 - 2,60.03%,59.18%,dragapult,https://play.limitlesstcg.net/0070/player/0231
42,Aarni Karjala,FI,32,10 - 2 - 2,59.69%,55.42%,dragapult,https://play.limitlesstcg.net/0070/player/2864
43,Jack Saunders,CA,32,10 - 2 - 2,59.18%,56.70%,dragapult,https://play.limitlesstcg.net/0070/player/0419
44,Matthew Burris,AU,32,10 - 2 - 2,59.04%,59.61%,dragapult,https://play.limitlesstcg.net/0070/player/0976
45,Jeffrey Deka,CA,32,10 - 2 - 2,58.48%,57.21%,zoroark,https://play.limitlesstcg.net/0070/player/3711
46,Evan Zhu,CA,32,10 - 2 - 2,58.04%,57.30%,zoroark,https://play.limitlesstcg.net/0070/player/2608
47,Genessa Benton,US,32,10 - 2 - 2,57.36%,59.52%,dragapult,https://play.limitlesstcg.net/0070/player/0192
48,Asher Kier,US,32,10 - 2 - 2,57.32%,57.15%,dragapult,https://play.limitlesstcg.net/0070/player/3701
49,JosÃ© Torres,US,32,10 - 2 - 2,56.86%,57.99%,dragapult,https://play.limitlesstcg.net/0070/player/1855
50,Kolton Day,US,32,10 - 2 - 2,56.85%,57.71%,dragapult,https://play.limitlesstcg.net/0070/player/3106
51,John Parsons,US,32,10 - 2 - 2,56.60%,57.88%,dragapult,https://play.limitlesstcg.net/0070/player/1348
52,Matthew Hubbard,US,31,10 - 3 - 1,67.98%,60.68%,ogerpon,https://play.limitlesstcg.net/0070/player/3200
53,Yasuyuki Handa,AU,31,10 - 3 - 1,67.35%,61.60%,zoroark,https://play.limitlesstcg.net/0070/player/3280
54,Calvin Connor,US,31,10 - 3 - 1,67.16%,59.97%,alakazam,https://play.limitlesstcg.net/0070/player/0188
55,Cooper Kull,US,31,10 - 3 - 1,66.26%,61.96%,crustle,https://play.limitlesstcg.net/0070/player/0537
56,John Salloum,US,31,10 - 3 - 1,66.20%,61.31%,zoroark,https://play.limitlesstcg.net/0070/player/3130
57,Jeremy Castro,US,31,10 - 3 - 1,64.48%,60.01%,dragapult,https://play.limitlesstcg.net/0070/player/2408
58,Adam Kalamat,CA,31,10 - 3 - 1,64.37%,59.90%,dragapult,https://play.limitlesstcg.net/0070/player/2966
59,Makani Tran,US,31,10 - 3 - 1,64.22%,60.63%,dragapult,https://play.limitlesstcg.net/0070/player/2134
60,Camden Cornwall,US,31,10 - 3 - 1,63.13%,58.77%,dragapult,https://play.limitlesstcg.net/0070/player/0895
61,Simon Feng,CA,31,10 - 3 - 1,63.08%,60.64%,dragapult,https://play.limitlesstcg.net/0070/player/1965
62,Adam Chois,US,31,10 - 3 - 1,63.07%,61.02%,dragapult,https://play.limitlesstcg.net/0070/player/0126
63,Lorenzo Gomez,US,31,10 - 3 - 1,62.40%,59.92%,crustle,https://play.limitlesstcg.net/0070/player/1844
64,Edwyn Mesman,NL,31,10 - 3 - 1,61.59%,59.52%,dragapult,https://play.limitlesstcg.net/0070/player/3379
65,Fabrizio Inga Silva,PE,31,9 - 1 - 4,61.54%,58.39%,dragapult,https://play.limitlesstcg.net/0070/player/1611
66,Keane Hauck,US,31,10 - 3 - 1,61.47%,58.02%,dragapult,https://play.limitlesstcg.net/0070/player/0553
67,Gavin Chen,US,31,10 - 3 - 1,60.61%,57.97%,typhlosion,https://play.limitlesstcg.net/0070/player/1467
68,FABIEN Pujol,FR,31,10 - 3 - 1,60.08%,59.74%,dragapult,https://play.limitlesstcg.net/0070/player/0407
69,Edward Valencia,US,31,10 - 3 - 1,59.57%,59.52%,crustle,https://play.limitlesstcg.net/0070/player/2402
70,Darren Bui,US,31,10 - 3 - 1,59.57%,58.19%,clefairy,https://play.limitlesstcg.net/0070/player/3165
71,Teja Gummadi,US,31,10 - 3 - 1,58.99%,54.75%,typhlosion,https://play.limitlesstcg.net/0070/player/2554
72,Danny Bazzi,US,31,10 - 3 - 1,58.74%,56.27%,ogerpon,https://play.limitlesstcg.net/0070/player/1333
73,Evan Bryant,US,31,9 - 1 - 4,58.71%,54.22%,crustle,https://play.limitlesstcg.net/0070/player/1294
74,Nicolai Stiborg,DK,31,10 - 3 - 1,58.65%,56.82%,lucario-mega,https://play.limitlesstcg.net/0070/player/3089
75,Takuya Yoneda,JP,31,10 - 3 - 1,58.34%,58.36%,ogerpon,https://play.limitlesstcg.net/0070/player/0358
76,Shun Takemasa,US,31,10 - 3 - 1,58.18%,59.60%,dragapult,https://play.limitlesstcg.net/0070/player/3409
77,aaron arturo aguirre osuna,MX,31,10 - 3 - 1,57.16%,55.72%,slowking,https://play.limitlesstcg.net/0070/player/2672
78,Nathian Beck,US,31,10 - 3 - 1,56.89%,56.82%,dragapult,https://play.limitlesstcg.net/0070/player/1562
79,Pedro Pertusi,BR,31,10 - 3 - 1,55.54%,57.66%,dragapult,https://play.limitlesstcg.net/0070/player/0036
80,Bradley Ireland,US,31,10 - 3 - 1,55.38%,55.12%,alakazam,https://play.limitlesstcg.net/0070/player/1445
81,Joseph Chigbrow,US,31,10 - 3 - 1,55.00%,57.46%,dragapult,https://play.limitlesstcg.net/0070/player/2419
82,Michael Davidson,US,31,10 - 3 - 1,53.42%,56.60%,dragapult,https://play.limitlesstcg.net/0070/player/1238
83,Will Herrensmith,US,31,10 - 3 - 1,52.27%,52.83%,dragapult,https://play.limitlesstcg.net/0070/player/0471
84,Joseph Feliciano Garcia,US,31,10 - 3 - 1,51.49%,55.96%,dragapult,https://play.limitlesstcg.net/0070/player/2729
85,Edward Xiao,CA,30,9 - 2 - 3,66.45%,59.31%,dragapult,https://play.limitlesstcg.net/0070/player/0374
86,Brian Du,US,30,10 - 4 - 0,66.14%,61.23%,lucario-mega,https://play.limitlesstcg.net/0070/player/2539
87,Christian LaBella,CA,30,10 - 4 - 0,64.13%,60.86%,zoroark,https://play.limitlesstcg.net/0070/player/0015
88,Hermanni Hietalahti,FI,30,10 - 4 - 0,63.71%,56.83%,zoroark,https://play.limitlesstcg.net/0070/player/1483
89,Anderson George,US,30,10 - 4 - 0,63.44%,59.00%,clefairy,https://play.limitlesstcg.net/0070/player/1764
90,Daniel Lin,CA,30,10 - 4 - 0,63.39%,60.19%,zoroark,https://play.limitlesstcg.net/0070/player/3197
91,Taylor Cook,US,30,10 - 4 - 0,63.24%,60.20%,ceruledge,https://play.limitlesstcg.net/0070/player/3110
92,Asaki Hasegawa,JP,30,10 - 4 - 0,62.16%,60.09%,dragapult,https://play.limitlesstcg.net/0070/player/1213
93,Taisei Ito,JP,30,9 - 2 - 3,60.97%,61.42%,dragapult,https://play.limitlesstcg.net/0070/player/1461
94,Justin Templer,US,30,10 - 4 - 0,60.27%,54.58%,dragapult,https://play.limitlesstcg.net/0070/player/2594
95,Julio SÃ¡nchez RodrÃ­guez,ES,30,10 - 4 - 0,59.74%,57.44%,dragapult,https://play.limitlesstcg.net/0070/player/3104
96,Alex Mullen,US,30,9 - 2 - 3,59.73%,58.91%,dragapult,https://play.limitlesstcg.net/0070/player/1623
97,Calvin Jian,US,30,10 - 4 - 0,59.71%,58.47%,dragapult,https://play.limitlesstcg.net/0070/player/0319
98,Noah Donen,CA,30,10 - 4 - 0,59.61%,56.58%,dragapult,https://play.limitlesstcg.net/0070/player/1290
99,Henry Brand,AU,30,9 - 2 - 3,59.23%,58.21%,zoroark,https://play.limitlesstcg.net/0070/player/3393
100,Sammy Goldschein,US,30,10 - 4 - 0,59.13%,59.42%,dragapult,https://play.limitlesstcg.net/0070/player/2025
101,Jerry Sheng,US,30,9 - 2 - 3,58.97%,57.93%,dragapult,https://play.limitlesstcg.net/0070/player/0630
102,Justin Blanchard,US,30,9 - 2 - 3,58.91%,56.66%,crustle,https://play.limitlesstcg.net/0070/player/2692
103,Christian Cruz,MX,30,8 - 0 - 6,58.46%,64.00%,dragapult,https://play.limitlesstcg.net/0070/player/3209
104,Michele Schiraldi,CA,30,10 - 4 - 0,57.76%,57.85%,zoroark,https://play.limitlesstcg.net/0070/player/2950
105,Giovanny Sasso,BR,30,10 - 4 - 0,54.76%,57.61%,zoroark,https://play.limitlesstcg.net/0070/player/1876
106,Michael Bergerac,US,30,9 - 2 - 3,54.32%,55.19%,zoroark,https://play.limitlesstcg.net/0070/player/3363
107,Harrison Browning,US,30,10 - 4 - 0,54.21%,57.24%,crustle,https://play.limitlesstcg.net/0070/player/2772
108,Armond Crockett,US,29,9 - 3 - 2,65.50%,58.79%,ogerpon,https://play.limitlesstcg.net/0070/player/2230
109,Kian Amini,US,29,9 - 3 - 2,65.43%,60.18%,dragapult,https://play.limitlesstcg.net/0070/player/0389
110,Fernando Cifuentes,CL,29,9 - 3 - 2,65.05%,58.44%,sylveon,https://play.limitlesstcg.net/0070/player/0594
111,Darin O'Meara,US,29,9 - 3 - 2,64.92%,59.97%,crustle,https://play.limitlesstcg.net/0070/player/0521
112,PAULO FERRAZ,BR,29,9 - 3 - 2,64.43%,59.21%,dragapult,https://play.limitlesstcg.net/0070/player/2579
113,David Walerian Rzepka,DE,29,9 - 3 - 2,63.84%,60.53%,dragapult,https://play.limitlesstcg.net/0070/player/1384
114,Bryant Suarez,US,29,9 - 3 - 2,63.82%,61.72%,raging-bolt,https://play.limitlesstcg.net/0070/player/2533
115,Charlie Lockyer,US,29,9 - 3 - 2,63.26%,58.81%,slowking,https://play.limitlesstcg.net/0070/player/1848
116,Rob Werner,US,29,9 - 3 - 2,63.03%,59.01%,dragapult,https://play.limitlesstcg.net/0070/player/1907
117,Riley McKay,CA,29,9 - 3 - 2,62.93%,59.05%,dragapult,https://play.limitlesstcg.net/0070/player/2627
118,Piper Lepine,US,29,9 - 3 - 2,62.88%,59.13%,dragapult,https://play.limitlesstcg.net/0070/player/1783
119,Jose Ordaz,US,29,9 - 3 - 2,62.88%,57.41%,alakazam,https://play.limitlesstcg.net/0070/player/0827
120,Akira Kurasaki,JP,29,9 - 3 - 2,62.69%,57.86%,zoroark,https://play.limitlesstcg.net/0070/player/2227
121,gustavo wada,BR,29,9 - 3 - 2,62.42%,59.70%,dragapult,https://play.limitlesstcg.net/0070/player/2112
122,Kendall Wuensch,US,29,9 - 3 - 2,62.22%,63.37%,alakazam,https://play.limitlesstcg.net/0070/player/1746
123,Aaron Edwards,US,29,9 - 3 - 2,62.12%,59.94%,dragapult,https://play.limitlesstcg.net/0070/player/3267
124,Richard Yannow,US,29,9 - 3 - 2,61.52%,61.45%,dragapult,https://play.limitlesstcg.net/0070/player/1743
125,Orlando Karam,US,29,9 - 3 - 2,61.48%,58.84%,dragapult,https://play.limitlesstcg.net/0070/player/3021
126,Bradley Curcio,US,29,9 - 3 - 2,61.10%,59.79%,dragapult,https://play.limitlesstcg.net/0070/player/3624
127,Hayden Selvera,US,29,9 - 3 - 2,60.69%,62.48%,crustle,https://play.limitlesstcg.net/0070/player/2572
128,Andrew Choi,US,29,9 - 3 - 2,60.57%,58.38%,grimmsnarl,https://play.limitlesstcg.net/0070/player/1484
129,Andrew Zheng,US,29,9 - 3 - 2,60.35%,58.26%,dragapult,https://play.limitlesstcg.net/0070/player/1117
130,Samuele Roma,IT,29,9 - 3 - 2,60.27%,57.89%,dragapult,https://play.limitlesstcg.net/0070/player/1863
131,Teegan Hall,US,29,9 - 3 - 2,60.26%,60.21%,zoroark,https://play.limitlesstcg.net/0070/player/2160
132,Truwin Tran,US,29,9 - 3 - 2,60.11%,56.68%,crustle,https://play.limitlesstcg.net/0070/player/0059
133,Reilly Cooper,US,29,9 - 3 - 2,60.01%,58.62%,crustle,https://play.limitlesstcg.net/0070/player/0004
134,Francisco Toloza,CL,29,9 - 3 - 2,60.00%,60.40%,slowking,https://play.limitlesstcg.net/0070/player/1700
135,Jacob Peltier,US,29,9 - 3 - 2,59.95%,54.70%,mewtwo,https://play.limitlesstcg.net/0070/player/0546
136,William Azevedo,BR,29,9 - 3 - 2,59.86%,61.10%,dragapult,https://play.limitlesstcg.net/0070/player/1847
137,Chloe Abbott,US,29,9 - 3 - 2,59.69%,57.17%,garchomp,https://play.limitlesstcg.net/0070/player/1104
138,Louis Smith,US,29,9 - 3 - 2,59.01%,56.37%,zoroark,https://play.limitlesstcg.net/0070/player/1155
139,Daniel Giger,US,29,9 - 3 - 2,58.92%,57.17%,raging-bolt,https://play.limitlesstcg.net/0070/player/0315
140,Ethan Hoang,US,29,9 - 3 - 2,58.79%,57.20%,dragapult,https://play.limitlesstcg.net/0070/player/2743
141,Dennis Peroff,CA,29,9 - 3 - 2,58.78%,58.61%,dragapult,https://play.limitlesstcg.net/0070/player/3339
142,Adrian Villapudua,US,29,9 - 3 - 2,58.48%,57.86%,dragapult,https://play.limitlesstcg.net/0070/player/3712
143,Shuto Kogawa,AU,29,9 - 3 - 2,58.46%,59.05%,dragapult,https://play.limitlesstcg.net/0070/player/1971
144,Bulin Zheng,US,29,9 - 3 - 2,58.37%,57.58%,dragapult,https://play.limitlesstcg.net/0070/player/1314
145,Jason Yip,AU,29,9 - 3 - 2,58.36%,58.19%,dragapult,https://play.limitlesstcg.net/0070/player/0465
146,Michelle Messinger,US,29,9 - 3 - 2,58.31%,58.12%,ogerpon,https://play.limitlesstcg.net/0070/player/2007
147,Mustafa Tobah,US,29,9 - 3 - 2,58.29%,54.98%,crustle,https://play.limitlesstcg.net/0070/player/0919
148,Saumit Kukkadapu,US,29,9 - 3 - 2,58.21%,58.97%,dragapult,https://play.limitlesstcg.net/0070/player/1949
149,Andrew Piro,US,29,9 - 3 - 2,58.17%,58.97%,slowking,https://play.limitlesstcg.net/0070/player/0175
150,Malachi Ryder,US,29,9 - 3 - 2,57.80%,58.27%,dragapult,https://play.limitlesstcg.net/0070/player/3214
151,Ryan Rumble,US,29,9 - 3 - 2,57.78%,58.62%,crustle,https://play.limitlesstcg.net/0070/player/0307
152,Noah Peltier,US,29,9 - 3 - 2,57.59%,57.01%,zoroark,https://play.limitlesstcg.net/0070/player/2855
153,Ryan Antonucci,US,29,9 - 3 - 2,57.49%,57.46%,dragapult,https://play.limitlesstcg.net/0070/player/0055
154,Benjamin Valenzuela,CL,29,9 - 3 - 2,57.40%,56.55%,dragapult,https://play.limitlesstcg.net/0070/player/3532
155,Colin von Plonski,US,29,9 - 3 - 2,57.39%,57.00%,dragapult,https://play.limitlesstcg.net/0070/player/2831
156,David Cohen,US,29,9 - 3 - 2,57.09%,57.99%,dragapult,https://play.limitlesstcg.net/0070/player/2738
157,Cristiano Castaneda,US,29,9 - 3 - 2,56.95%,53.30%,dragapult,https://play.limitlesstcg.net/0070/player/3094
158,Matt Walter,US,29,9 - 3 - 2,56.74%,55.91%,trevenant,https://play.limitlesstcg.net/0070/player/1080
159,Jake Gallagher,US,29,9 - 3 - 2,56.21%,55.54%,alakazam,https://play.limitlesstcg.net/0070/player/0367
160,Oscar Chen,CA,29,9 - 3 - 2,55.48%,57.44%,mewtwo,https://play.limitlesstcg.net/0070/player/3546
161,Jeremy Gumila,US,29,9 - 3 - 2,53.37%,54.90%,dragapult,https://play.limitlesstcg.net/0070/player/1557
162,Jerome Pelletier,CA,29,9 - 3 - 2,52.92%,54.38%,honchkrow,https://play.limitlesstcg.net/0070/player/0892
163,Rusbel Castillo,DO,29,9 - 3 - 2,52.38%,53.25%,dragapult,https://play.limitlesstcg.net/0070/player/0295
164,Leighton Catton,US,29,9 - 3 - 2,51.57%,54.04%,dipplin,https://play.limitlesstcg.net/0070/player/2436
165,alfredo manzanares,US,29,9 - 3 - 2,51.33%,54.54%,honchkrow,https://play.limitlesstcg.net/0070/player/2623
166,Vaughn Weber,US,29,9 - 3 - 2,50.18%,54.07%,dragapult,https://play.limitlesstcg.net/0070/player/2551
167,Jared De Guzman,CA,28,9 - 4 - 1,66.33%,59.37%,dragapult,https://play.limitlesstcg.net/0070/player/0629
168,Rafal Gladysz,US,28,8 - 2 - 4,65.82%,61.20%,dragapult,https://play.limitlesstcg.net/0070/player/2813
169,Matthew Farkas,CA,28,9 - 4 - 1,65.05%,58.44%,crustle,https://play.limitlesstcg.net/0070/player/3329
170,Uddish Sood,US,28,9 - 4 - 1,64.86%,56.75%,ogerpon,https://play.limitlesstcg.net/0070/player/1543
171,Patrik RÃ¤ty,US,28,9 - 4 - 1,64.80%,60.08%,mewtwo,https://play.limitlesstcg.net/0070/player/3076
172,Jon Bristow,US,28,8 - 2 - 4,64.60%,60.96%,zoroark,https://play.limitlesstcg.net/0070/player/2809
173,Marco Montenegro,US,28,9 - 4 - 1,63.89%,60.08%,slowking,https://play.limitlesstcg.net/0070/player/3299
174,Julius Kerkis,FI,28,9 - 4 - 1,63.78%,57.10%,dragapult,https://play.limitlesstcg.net/0070/player/2602
175,Brent Tonisson,AU,28,9 - 4 - 1,63.27%,59.99%,dragapult,https://play.limitlesstcg.net/0070/player/1852
176,Cameron Cloughley,CA,28,9 - 4 - 1,62.37%,60.76%,dragapult,https://play.limitlesstcg.net/0070/player/0762
177,Aaron Friedman,US,28,9 - 4 - 1,62.24%,57.87%,dragapult,https://play.limitlesstcg.net/0070/player/1525
178,Ilan Louboff,FR,28,9 - 4 - 1,62.20%,59.47%,dragapult,https://play.limitlesstcg.net/0070/player/3696
179,Gabriel Cruz,US,28,9 - 4 - 1,62.04%,59.13%,dragapult,https://play.limitlesstcg.net/0070/player/3671
180,Grant Gellately,US,28,9 - 4 - 1,61.99%,55.35%,dragapult,https://play.limitlesstcg.net/0070/player/3116
181,Isaiah Cheville,US,28,8 - 2 - 4,61.93%,57.79%,dragapult,https://play.limitlesstcg.net/0070/player/1595
182,Jason Schelin,US,28,9 - 4 - 1,61.93%,55.97%,garchomp,https://play.limitlesstcg.net/0070/player/2103
183,Jon Bieligk,US,28,9 - 4 - 1,61.37%,56.18%,dragapult,https://play.limitlesstcg.net/0070/player/2776
184,Stephen Lowe,US,28,9 - 4 - 1,61.29%,60.30%,crustle,https://play.limitlesstcg.net/0070/player/1516
185,Jordan Dumlao,US,28,9 - 4 - 1,60.84%,56.38%,slowking,https://play.limitlesstcg.net/0070/player/1948
186,Lisa SteinmÃ¼ller,DE,28,9 - 4 - 1,60.29%,59.15%,dragapult,https://play.limitlesstcg.net/0070/player/3653
187,Clayton Tuggle,US,28,9 - 4 - 1,60.14%,57.34%,alakazam,https://play.limitlesstcg.net/0070/player/1888
188,Tyler Brady,US,28,9 - 4 - 1,59.86%,56.64%,dragapult,https://play.limitlesstcg.net/0070/player/3025
189,Ian Gridley,US,28,9 - 4 - 1,59.61%,55.93%,dragapult,https://play.limitlesstcg.net/0070/player/1391
190,Corey Blankenship,US,28,9 - 4 - 1,59.36%,56.01%,crustle,https://play.limitlesstcg.net/0070/player/0619
191,Yuya Kogai,JP,28,9 - 4 - 1,59.20%,57.10%,dragapult,https://play.limitlesstcg.net/0070/player/1552
192,Anthony Yanez,US,28,9 - 4 - 1,59.06%,56.29%,dragapult,https://play.limitlesstcg.net/0070/player/0694
193,Wyatt Osterdyk,US,28,9 - 4 - 1,58.88%,56.71%,alakazam,https://play.limitlesstcg.net/0070/player/1034
194,Eric Aubertin,CA,28,9 - 4 - 1,58.78%,58.32%,crustle,https://play.limitlesstcg.net/0070/player/0768
195,Riley Malik,US,28,9 - 4 - 1,58.67%,57.25%,dragapult,https://play.limitlesstcg.net/0070/player/1394
196,Aneil Saini,CA,28,9 - 4 - 1,58.61%,58.65%,dragapult,https://play.limitlesstcg.net/0070/player/2562
197,William Sanders,US,28,9 - 4 - 1,58.47%,57.12%,dragapult,https://play.limitlesstcg.net/0070/player/2184
198,Adam Marshall,UK,28,9 - 4 - 1,58.23%,56.77%,zoroark,https://play.limitlesstcg.net/0070/player/2619
199,Dre Alderette,US,28,8 - 2 - 4,57.90%,55.41%,alakazam,https://play.limitlesstcg.net/0070/player/0677
200,James Pickeral,US,28,9 - 4 - 1,57.70%,58.22%,zoroark,https://play.limitlesstcg.net/0070/player/3208
201,Alex Meeks,US,28,9 - 4 - 1,57.46%,55.67%,dragapult,https://play.limitlesstcg.net/0070/player/2660
202,Dylan Higgins,US,28,9 - 4 - 1,57.14%,58.57%,dragapult,https://play.limitlesstcg.net/0070/player/0396
203,Emma Hagen,NO,28,9 - 4 - 1,57.07%,55.46%,clefairy,https://play.limitlesstcg.net/0070/player/0136
204,Adam Pickeral,US,28,9 - 4 - 1,57.02%,57.58%,dragapult,https://play.limitlesstcg.net/0070/player/0672
205,Hunter Hawkins,US,28,9 - 4 - 1,56.89%,57.61%,dragapult,https://play.limitlesstcg.net/0070/player/3283
206,Elliot Muskat,US,28,9 - 4 - 1,56.88%,56.81%,ogerpon,https://play.limitlesstcg.net/0070/player/1330
207,Aaron West,US,28,9 - 4 - 1,56.66%,56.00%,dragapult,https://play.limitlesstcg.net/0070/player/0124
208,Jordan Nelle,US,28,9 - 4 - 1,56.12%,55.62%,dragapult,https://play.limitlesstcg.net/0070/player/3346
209,Marco Garcia,BR,28,9 - 4 - 1,56.08%,58.58%,dragapult,https://play.limitlesstcg.net/0070/player/3326
210,Brandon Davis,US,28,9 - 4 - 1,56.05%,56.27%,zoroark,https://play.limitlesstcg.net/0070/player/1029
211,Zach Laska,US,28,9 - 4 - 1,56.02%,57.69%,clefairy,https://play.limitlesstcg.net/0070/player/1710
212,max kunde,AU,28,9 - 4 - 1,55.96%,57.88%,dragapult,https://play.limitlesstcg.net/0070/player/0669
213,David Ruther,US,28,9 - 4 - 1,55.96%,55.87%,ogerpon,https://play.limitlesstcg.net/0070/player/1301
214,Nico Gist,US,28,9 - 4 - 1,55.92%,56.65%,dragapult,https://play.limitlesstcg.net/0070/player/1544
215,Aaron Davis,US,28,9 - 4 - 1,55.77%,54.94%,alakazam,https://play.limitlesstcg.net/0070/player/3037
216,Joe Bernard,UK,28,9 - 4 - 1,55.73%,55.34%,dragapult,https://play.limitlesstcg.net/0070/player/2646
217,Bodhi Robinson,US,28,9 - 4 - 1,55.28%,58.37%,dragapult,https://play.limitlesstcg.net/0070/player/1992
218,Evelyn Estridge,US,28,9 - 4 - 1,54.95%,58.20%,dragapult,https://play.limitlesstcg.net/0070/player/1360
219,Larry Bravo,US,28,9 - 4 - 1,54.46%,57.33%,ogerpon,https://play.limitlesstcg.net/0070/player/2536
220,Max Van hoof,NL,28,9 - 4 - 1,54.21%,54.51%,dragapult,https://play.limitlesstcg.net/0070/player/3298
221,Rain Keuma,US,28,9 - 4 - 1,53.93%,57.62%,crustle,https://play.limitlesstcg.net/0070/player/1295
222,Anastazja Clappison,CA,28,9 - 4 - 1,53.84%,56.01%,ogerpon,https://play.limitlesstcg.net/0070/player/1911
223,Cali White,CA,28,9 - 4 - 1,53.43%,55.81%,ogerpon,https://play.limitlesstcg.net/0070/player/1486
224,Matthew Lu,US,28,9 - 4 - 1,53.30%,53.26%,dragapult,https://play.limitlesstcg.net/0070/player/3651
225,Wyatt Triplett,US,28,9 - 4 - 1,53.06%,53.68%,lucario-mega,https://play.limitlesstcg.net/0070/player/2288
226,Matthew Padget,US,28,9 - 4 - 1,53.01%,56.70%,dragapult,https://play.limitlesstcg.net/0070/player/2797
227,Cerys Jones,US,28,9 - 4 - 1,52.93%,53.43%,alakazam,https://play.limitlesstcg.net/0070/player/0083
228,Payton Stay,US,28,9 - 4 - 1,52.70%,54.94%,alakazam,https://play.limitlesstcg.net/0070/player/1578
229,Michael Ginchereau,US,28,9 - 4 - 1,51.31%,52.92%,beedrill,https://play.limitlesstcg.net/0070/player/2942
230,Michael Vamos,US,28,9 - 4 - 1,51.30%,54.58%,dragapult,https://play.limitlesstcg.net/0070/player/2439
231,Lucas Thiele,US,28,9 - 4 - 1,49.69%,54.62%,dragapult,https://play.limitlesstcg.net/0070/player/2299
232,Owyn Kamerman,NL,27,8 - 3 - 3,68.81%,59.26%,dragapult,https://play.limitlesstcg.net/0070/player/0942
233,Kevin Lin,US,27,8 - 3 - 3,65.09%,58.42%,grimmsnarl,https://play.limitlesstcg.net/0070/player/2563
234,Kyle Lesniewicz,US,27,9 - 5 - 0,64.99%,57.29%,dragapult,https://play.limitlesstcg.net/0070/player/3300
235,RYUKI OKADA,JP,27,9 - 5 - 0,64.12%,59.58%,dragapult,https://play.limitlesstcg.net/0070/player/1831
236,Christian D'Onofrio,IT,27,8 - 3 - 3,63.90%,58.90%,dragapult,https://play.limitlesstcg.net/0070/player/0871
237,Soichiro Kawano,JP,27,9 - 5 - 0,63.60%,58.77%,ogerpon,https://play.limitlesstcg.net/0070/player/2401
238,Andrew Weiss,US,27,8 - 3 - 3,63.13%,57.84%,dragapult,https://play.limitlesstcg.net/0070/player/1472
239,Joe Figliano,US,27,9 - 5 - 0,62.20%,53.94%,zoroark,https://play.limitlesstcg.net/0070/player/3577
240,Kenneth Hayes,US,27,8 - 3 - 3,62.05%,58.43%,dragapult,https://play.limitlesstcg.net/0070/player/2338
241,VojtÄch KotlÃ¡n,CZ,27,9 - 5 - 0,61.91%,56.72%,dragapult,https://play.limitlesstcg.net/0070/player/2443
242,Ventura QuiÃ±ones,MX,27,8 - 3 - 3,61.90%,59.84%,dragapult,https://play.limitlesstcg.net/0070/player/2679
243,Ian Robb,US,27,9 - 5 - 0,61.86%,58.66%,slowking,https://play.limitlesstcg.net/0070/player/1924
244,Matthew Martinez,US,27,9 - 5 - 0,61.48%,59.86%,garchomp,https://play.limitlesstcg.net/0070/player/1938
245,tienthomas pham,US,27,9 - 5 - 0,61.21%,59.71%,ogerpon,https://play.limitlesstcg.net/0070/player/0226
246,Satoshi Matsui,US,27,8 - 3 - 3,60.51%,59.68%,ogerpon,https://play.limitlesstcg.net/0070/player/3163
247,David Dong,US,27,9 - 5 - 0,60.33%,59.74%,dragapult,https://play.limitlesstcg.net/0070/player/1019
248,Nathaniel Lamar,US,27,9 - 5 - 0,60.31%,58.91%,dipplin,https://play.limitlesstcg.net/0070/player/0940
249,Mehdi Hafi,FR,27,8 - 3 - 3,59.66%,57.71%,dipplin,https://play.limitlesstcg.net/0070/player/1727
250,Shinichi Yoneda,JP,27,8 - 3 - 3,59.57%,53.81%,dragapult,https://play.limitlesstcg.net/0070/player/1600
251,George Cameron,US,27,9 - 5 - 0,59.44%,59.05%,dragapult,https://play.limitlesstcg.net/0070/player/0368
252,Drew Cate,US,27,8 - 3 - 3,59.38%,56.88%,metagross,https://play.limitlesstcg.net/0070/player/0753
253,Jesus Bautista,US,27,8 - 3 - 3,58.64%,59.06%,zoroark,https://play.limitlesstcg.net/0070/player/2310
254,Samuel Gay,US,27,8 - 3 - 3,58.50%,58.94%,dragapult,https://play.limitlesstcg.net/0070/player/0253
255,Daniel Tanney,US,27,8 - 3 - 3,58.50%,55.83%,dragapult,https://play.limitlesstcg.net/0070/player/2764
256,Juan Mora,US,27,8 - 3 - 3,58.35%,58.13%,dragapult,https://play.limitlesstcg.net/0070/player/1198
257,Matt Chuang,US,27,9 - 5 - 0,58.34%,58.45%,dragapult,https://play.limitlesstcg.net/0070/player/1592
258,Alexys Rodriguez,US,27,9 - 5 - 0,57.71%,58.24%,dragapult,https://play.limitlesstcg.net/0070/player/1210
259,David Zheng,US,27,8 - 3 - 3,57.40%,59.92%,dragapult,https://play.limitlesstcg.net/0070/player/3588
260,Julio Curiel,MX,27,9 - 5 - 0,57.35%,57.62%,slowking,https://play.limitlesstcg.net/0070/player/2231
261,Ashish Puri,CA,27,8 - 3 - 3,57.04%,56.60%,ogerpon,https://play.limitlesstcg.net/0070/player/1798
262,Jason Schmidt,US,27,8 - 3 - 3,56.95%,61.32%,metagross,https://play.limitlesstcg.net/0070/player/2739
263,Christian Fontenot,DK,27,9 - 5 - 0,56.82%,59.16%,alakazam,https://play.limitlesstcg.net/0070/player/0290
264,Marc Perry,US,27,8 - 3 - 3,56.70%,56.86%,dragapult,https://play.limitlesstcg.net/0070/player/1685
265,Toni Ibarra,US,27,9 - 5 - 0,56.54%,59.56%,dragapult,https://play.limitlesstcg.net/0070/player/2457
266,Fernando Lopez,CL,27,9 - 5 - 0,56.27%,57.08%,ogerpon,https://play.limitlesstcg.net/0070/player/0560
267,Kaleb Jacobson,US,27,8 - 3 - 3,55.08%,57.55%,dragapult,https://play.limitlesstcg.net/0070/player/2032
268,Juan Cardenas,US,27,8 - 3 - 3,54.51%,56.84%,garchomp,https://play.limitlesstcg.net/0070/player/0570
269,Francesco Moscillo,CA,27,8 - 3 - 3,53.78%,54.54%,dragapult,https://play.limitlesstcg.net/0070/player/0691
270,Jaime Garcia,CA,27,8 - 3 - 3,52.53%,55.89%,dragapult,https://play.limitlesstcg.net/0070/player/1451
271,Toby Clark,UK,26,8 - 4 - 2,64.33%,58.90%,raging-bolt,https://play.limitlesstcg.net/0070/player/3288
272,Brooke English,US,26,8 - 4 - 2,64.22%,57.59%,dragapult,https://play.limitlesstcg.net/0070/player/2803
273,Yunrong Cai,US,26,8 - 4 - 2,63.60%,57.12%,dragapult,https://play.limitlesstcg.net/0070/player/1456
274,Guillermo Barrios,MX,26,8 - 4 - 2,62.65%,58.22%,dragapult,https://play.limitlesstcg.net/0070/player/3254
275,Patrick Rampton,US,26,8 - 4 - 2,62.56%,55.42%,crustle,https://play.limitlesstcg.net/0070/player/2978
276,Nathan Brower,US,26,8 - 4 - 2,62.07%,58.64%,honchkrow,https://play.limitlesstcg.net/0070/player/2236
277,jace lavi,US,26,8 - 4 - 2,61.73%,56.03%,dragapult,https://play.limitlesstcg.net/0070/player/3541
278,Ryan Miller,US,26,8 - 4 - 2,61.35%,61.33%,dragapult,https://play.limitlesstcg.net/0070/player/0805
279,Simone Canziani,IT,26,7 - 2 - 5,61.29%,58.30%,dragapult,https://play.limitlesstcg.net/0070/player/1961
280,Vincent Vuong,CA,26,8 - 4 - 2,61.10%,59.49%,alakazam,https://play.limitlesstcg.net/0070/player/0928
281,Grant Manley,US,26,8 - 4 - 2,61.03%,58.55%,dragapult,https://play.limitlesstcg.net/0070/player/3049
282,Michael Jelderian,CA,26,8 - 4 - 2,60.91%,54.24%,dragapult,https://play.limitlesstcg.net/0070/player/0621
283,HARUTO FUJITA,JP,26,8 - 4 - 2,60.84%,59.41%,dragapult,https://play.limitlesstcg.net/0070/player/1367
284,Matthew DePonceau,US,26,8 - 4 - 2,60.84%,57.98%,lucario-mega,https://play.limitlesstcg.net/0070/player/2629
285,Oziel Cuellar,US,26,8 - 4 - 2,60.84%,57.96%,dragapult,https://play.limitlesstcg.net/0070/player/0167
286,Hunter Butler,US,26,8 - 4 - 2,60.76%,58.07%,dragapult,https://play.limitlesstcg.net/0070/player/2079
287,Matthew Mahon,US,26,8 - 4 - 2,60.71%,57.48%,dragapult,https://play.limitlesstcg.net/0070/player/0922
288,James Harding,US,26,8 - 4 - 2,60.71%,57.11%,dragapult,https://play.limitlesstcg.net/0070/player/1243
289,Micah Olton,US,26,8 - 4 - 2,60.69%,57.25%,dragapult,https://play.limitlesstcg.net/0070/player/2494
290,Stuart Sakaluk,CA,26,7 - 2 - 5,60.57%,54.82%,dragapult,https://play.limitlesstcg.net/0070/player/3497
291,Justin Brothers,US,26,8 - 4 - 2,60.51%,57.63%,zoroark,https://play.limitlesstcg.net/0070/player/1752
292,Matthew Wood,CA,26,8 - 4 - 2,60.27%,58.12%,honchkrow,https://play.limitlesstcg.net/0070/player/0489
293,Jonathan Ruiz,EC,26,8 - 4 - 2,60.11%,58.73%,zoroark,https://play.limitlesstcg.net/0070/player/3426
294,Ethan Wray,US,26,8 - 4 - 2,60.10%,56.41%,dragapult,https://play.limitlesstcg.net/0070/player/0852
295,Aidan Khus,US,26,8 - 4 - 2,60.08%,59.63%,dragapult,https://play.limitlesstcg.net/0070/player/0499
296,Daniel Zhou,CA,26,8 - 4 - 2,59.22%,57.23%,dragapult,https://play.limitlesstcg.net/0070/player/0483
297,Victor Lam,CA,26,8 - 4 - 2,59.14%,57.63%,metagross,https://play.limitlesstcg.net/0070/player/2818
298,Alex Cowen,CA,26,8 - 4 - 2,58.95%,56.08%,dragapult,https://play.limitlesstcg.net/0070/player/1319
299,Nathaniel Dungey,US,26,8 - 4 - 2,58.95%,57.65%,alakazam,https://play.limitlesstcg.net/0070/player/3622
300,Anon Cheewakarn,US,26,8 - 4 - 2,58.95%,57.12%,dragapult,https://play.limitlesstcg.net/0070/player/1893
301,Nicholas Moffitt,US,26,8 - 4 - 2,58.92%,57.58%,dragapult,https://play.limitlesstcg.net/0070/player/1585
302,Matt Bacnis,US,26,8 - 4 - 2,58.27%,58.54%,ogerpon,https://play.limitlesstcg.net/0070/player/0869
303,Diego Martinez,MX,26,8 - 4 - 2,58.24%,55.86%,dragapult,https://play.limitlesstcg.net/0070/player/2495
304,Austin Brown,US,26,8 - 4 - 2,58.04%,55.41%,dragapult,https://play.limitlesstcg.net/0070/player/0517
305,Imad Khan,US,26,8 - 4 - 2,58.04%,54.76%,zoroark,https://play.limitlesstcg.net/0070/player/3483
306,Clarence Chen,US,26,8 - 4 - 2,58.04%,54.55%,slowking,https://play.limitlesstcg.net/0070/player/2149
307,Cody Graham,US,26,8 - 4 - 2,57.33%,56.51%,honchkrow,https://play.limitlesstcg.net/0070/player/3199
308,Irvin De Los Rios,MX,26,8 - 4 - 2,57.29%,56.93%,dragapult,https://play.limitlesstcg.net/0070/player/1140
309,Amani Edwards,US,26,8 - 4 - 2,57.18%,55.44%,lucario-mega,https://play.limitlesstcg.net/0070/player/0729
310,Anthony Watanabe,US,26,8 - 4 - 2,57.16%,56.92%,dragapult,https://play.limitlesstcg.net/0070/player/0205
311,Samuel Sun,US,26,8 - 4 - 2,57.13%,55.83%,dragapult,https://play.limitlesstcg.net/0070/player/0998
312,Paul Abarca,US,26,8 - 4 - 2,57.12%,55.04%,trevenant,https://play.limitlesstcg.net/0070/player/2544
313,Weston Gibbon,US,26,8 - 4 - 2,57.02%,55.15%,garchomp,https://play.limitlesstcg.net/0070/player/0918
314,Russell Monteiro,US,26,7 - 2 - 5,56.99%,54.40%,dragapult,https://play.limitlesstcg.net/0070/player/3001
315,Priyam Patel,IN,26,8 - 4 - 2,56.95%,55.37%,dragapult,https://play.limitlesstcg.net/0070/player/1916
316,Cody Hope,US,26,8 - 4 - 2,56.57%,55.59%,ogerpon,https://play.limitlesstcg.net/0070/player/3633
317,Carlos Fuentes,US,26,8 - 4 - 2,56.56%,59.94%,dragapult,https://play.limitlesstcg.net/0070/player/2305
318,Gwen Tran,US,26,8 - 4 - 2,56.36%,55.39%,dragapult,https://play.limitlesstcg.net/0070/player/2553
319,Jeff Heimann,US,26,8 - 4 - 2,56.34%,56.67%,mewtwo,https://play.limitlesstcg.net/0070/player/2938
320,Bradley Dallaire,US,26,8 - 4 - 2,56.05%,56.00%,slowking,https://play.limitlesstcg.net/0070/player/0406
321,Anthony Thiessen,US,26,8 - 4 - 2,55.91%,56.11%,alakazam,https://play.limitlesstcg.net/0070/player/1897
322,Yoshiyuki Yamaguchi,JP,26,8 - 4 - 2,55.87%,54.43%,zoroark,https://play.limitlesstcg.net/0070/player/1232
323,Joseph Bjerg,US,26,8 - 4 - 2,55.84%,56.40%,absol-mega,https://play.limitlesstcg.net/0070/player/2519
324,Elineury Collado,US,26,8 - 4 - 2,55.83%,55.93%,zoroark,https://play.limitlesstcg.net/0070/player/2456
325,Garrett Williamson,US,26,8 - 4 - 2,55.63%,55.74%,beedrill,https://play.limitlesstcg.net/0070/player/3570
326,Christopher Abreu,US,26,8 - 4 - 2,55.55%,54.73%,crustle,https://play.limitlesstcg.net/0070/player/2089
327,Matthew Newton,US,26,8 - 4 - 2,55.49%,54.94%,zoroark,https://play.limitlesstcg.net/0070/player/0946
328,William Kiefer,US,26,7 - 2 - 5,55.47%,54.65%,crustle,https://play.limitlesstcg.net/0070/player/2296
329,Reno Bernardo,US,26,8 - 4 - 2,55.29%,57.11%,dragapult,https://play.limitlesstcg.net/0070/player/2180
330,Matt McGrath,US,26,8 - 4 - 2,55.29%,56.61%,dragapult,https://play.limitlesstcg.net/0070/player/3611
331,Jose Roberto CABRIALES DE HOYOS,MX,26,8 - 4 - 2,55.04%,55.28%,alakazam,https://play.limitlesstcg.net/0070/player/2634
332,clayton may,US,26,8 - 4 - 2,55.00%,56.60%,alakazam,https://play.limitlesstcg.net/0070/player/3249
333,Elliott Zech,US,26,8 - 4 - 2,54.91%,54.26%,honchkrow,https://play.limitlesstcg.net/0070/player/2126
334,Octavio Rojo Morales,US,26,8 - 4 - 2,54.56%,56.17%,dragapult,https://play.limitlesstcg.net/0070/player/0074
335,Nathan Schaal,US,26,8 - 4 - 2,54.53%,53.49%,raging-bolt,https://play.limitlesstcg.net/0070/player/3330
336,Raul Merino,PE,26,8 - 4 - 2,54.46%,57.99%,raging-bolt,https://play.limitlesstcg.net/0070/player/3098
337,Ryan Dingle,US,26,8 - 4 - 2,54.37%,56.13%,dipplin,https://play.limitlesstcg.net/0070/player/2783
338,Adrian Monin,US,26,8 - 4 - 2,54.17%,53.17%,ogerpon,https://play.limitlesstcg.net/0070/player/1338
339,Luke Paul,US,26,8 - 4 - 2,54.12%,55.03%,crustle,https://play.limitlesstcg.net/0070/player/3575
340,Brian McCoy,US,26,8 - 4 - 2,54.08%,55.58%,dragapult,https://play.limitlesstcg.net/0070/player/2055
341,Kevin Fuentes,US,26,8 - 4 - 2,53.13%,54.49%,slowking,https://play.limitlesstcg.net/0070/player/2264
342,Kristopher Kemp,US,26,8 - 4 - 2,53.06%,53.71%,alakazam,https://play.limitlesstcg.net/0070/player/2584
343,Elizabeth Barbera,US,26,8 - 4 - 2,52.58%,53.85%,dragapult,https://play.limitlesstcg.net/0070/player/2023
344,David Cooper,US,26,8 - 4 - 2,52.40%,55.26%,raging-bolt,https://play.limitlesstcg.net/0070/player/1463
345,Stephen Medel,US,26,8 - 4 - 2,52.23%,56.85%,dragapult,https://play.limitlesstcg.net/0070/player/1416
346,Jesper S.H Eriksen,DK,26,8 - 4 - 2,52.08%,58.50%,zoroark,https://play.limitlesstcg.net/0070/player/2105
347,Kyle Domingo,US,26,8 - 4 - 2,52.06%,55.14%,slowking,https://play.limitlesstcg.net/0070/player/3123
348,Adam Easterday,US,26,8 - 4 - 2,50.47%,52.87%,crustle,https://play.limitlesstcg.net/0070/player/1872
349,Jonathan Crespo,US,26,8 - 4 - 2,50.11%,54.02%,zoroark,https://play.limitlesstcg.net/0070/player/0207
350,Konstantinos Kousidis,US,25,8 - 5 - 1,65.10%,60.16%,crustle,https://play.limitlesstcg.net/0070/player/0135
351,Yerco Valencia,CL,25,8 - 5 - 1,63.14%,57.94%,ogerpon,https://play.limitlesstcg.net/0070/player/2368
352,Ben Kim,US,25,7 - 3 - 4,63.12%,59.08%,dragapult,https://play.limitlesstcg.net/0070/player/3371
353,Lance Boilard,US,25,8 - 5 - 1,62.88%,58.26%,ogerpon,https://play.limitlesstcg.net/0070/player/1803
354,Benjamin Menzner,US,25,7 - 3 - 4,62.42%,57.05%,dragapult,https://play.limitlesstcg.net/0070/player/1645
355,Walker Snedaker,US,25,8 - 5 - 1,62.25%,59.89%,dragapult,https://play.limitlesstcg.net/0070/player/1182
356,James Juliano,US,25,8 - 5 - 1,61.99%,56.34%,ogerpon,https://play.limitlesstcg.net/0070/player/2207
357,Joseph Tajaran,US,25,8 - 5 - 1,61.67%,59.27%,dragapult,https://play.limitlesstcg.net/0070/player/2880
358,George Guice,US,25,7 - 3 - 4,61.56%,54.74%,dragapult,https://play.limitlesstcg.net/0070/player/1945
359,Eduardo Melendez,US,25,7 - 3 - 4,61.54%,59.12%,zoroark,https://play.limitlesstcg.net/0070/player/0473
360,Danielle Bernstein,US,25,8 - 5 - 1,61.54%,57.52%,dragapult,https://play.limitlesstcg.net/0070/player/2891
361,Mika Wright,US,25,8 - 5 - 1,61.35%,56.80%,zoroark,https://play.limitlesstcg.net/0070/player/2220
362,Jayden Martin,US,25,8 - 5 - 1,61.07%,57.89%,dragapult,https://play.limitlesstcg.net/0070/player/1011
363,Mason Liu,US,25,8 - 5 - 1,60.46%,53.84%,dragapult,https://play.limitlesstcg.net/0070/player/0221
364,Daniel Altavilla,US,25,8 - 5 - 1,60.20%,56.53%,dragapult,https://play.limitlesstcg.net/0070/player/1644
365,Mike Spaits,US,25,8 - 5 - 1,60.01%,57.42%,kangaskhan-mega,https://play.limitlesstcg.net/0070/player/0355
366,Chase Davis,US,25,8 - 5 - 1,59.94%,56.59%,dragapult,https://play.limitlesstcg.net/0070/player/0915
367,Ethan Whitney,US,25,8 - 5 - 1,59.62%,56.07%,dragapult,https://play.limitlesstcg.net/0070/player/2581
368,Mateus Portilho,US,25,8 - 5 - 1,59.48%,54.29%,dragapult,https://play.limitlesstcg.net/0070/player/1006
369,Zack Martin,US,25,7 - 3 - 4,59.12%,57.91%,ogerpon,https://play.limitlesstcg.net/0070/player/0107
370,Kenji Ramsell,US,25,8 - 5 - 1,58.99%,57.62%,slowking,https://play.limitlesstcg.net/0070/player/0293
371,Zach Negomir,US,25,8 - 5 - 1,58.93%,54.83%,dragapult,https://play.limitlesstcg.net/0070/player/0268
372,Justin Kim,CA,25,8 - 5 - 1,58.46%,57.09%,ogerpon,https://play.limitlesstcg.net/0070/player/1431
373,Victor De Velasco,MX,25,8 - 5 - 1,58.46%,56.96%,dragapult,https://play.limitlesstcg.net/0070/player/0552
374,Hector Adrian Pio Robles SÃ¡nchez,MX,25,8 - 5 - 1,58.23%,56.58%,slowking,https://play.limitlesstcg.net/0070/player/3658
375,Nicholas Pursley,US,25,8 - 5 - 1,58.21%,58.29%,dragapult,https://play.limitlesstcg.net/0070/player/0404
376,Maxwell Wyatt,US,25,8 - 5 - 1,58.12%,55.85%,dragapult,https://play.limitlesstcg.net/0070/player/0863
377,William Raymond,US,25,8 - 5 - 1,57.96%,60.19%,honchkrow,https://play.limitlesstcg.net/0070/player/3029
378,Andrew Hier,US,25,8 - 5 - 1,57.69%,57.92%,alakazam,https://play.limitlesstcg.net/0070/player/3573
379,Ryan Tuckman,US,25,8 - 5 - 1,57.49%,55.72%,slowking,https://play.limitlesstcg.net/0070/player/1114
380,Tony Santos,US,25,7 - 3 - 4,57.42%,59.16%,dragapult,https://play.limitlesstcg.net/0070/player/0679
381,Hubert Zhang,US,25,7 - 3 - 4,57.08%,58.30%,dragapult,https://play.limitlesstcg.net/0070/player/2258
382,Noah Wagner-Carlberg,US,25,7 - 3 - 4,57.03%,57.29%,alakazam,https://play.limitlesstcg.net/0070/player/2719
383,Asher Campbell,US,25,8 - 5 - 1,57.02%,56.08%,raging-bolt,https://play.limitlesstcg.net/0070/player/0941
384,Takashi Yoneda,US,25,8 - 5 - 1,56.75%,60.94%,dragapult,https://play.limitlesstcg.net/0070/player/2115
385,Aaron Tirona,US,25,8 - 5 - 1,56.63%,53.61%,dragapult,https://play.limitlesstcg.net/0070/player/1180
386,Daniel Carranza Bonilla,US,25,8 - 5 - 1,56.57%,56.46%,ogerpon,https://play.limitlesstcg.net/0070/player/1178
387,Joaquin Cardenas,US,25,8 - 5 - 1,56.55%,56.90%,dragapult,https://play.limitlesstcg.net/0070/player/3481
388,Maxim Korobov,US,25,8 - 5 - 1,56.34%,55.44%,ogerpon,https://play.limitlesstcg.net/0070/player/3243
389,Brant Lesher,US,25,7 - 3 - 4,56.23%,57.14%,crustle,https://play.limitlesstcg.net/0070/player/3637
390,Adam Waller,US,25,7 - 3 - 4,56.19%,54.97%,dragapult,https://play.limitlesstcg.net/0070/player/1110
391,Benjamin Wilhelm,US,25,8 - 5 - 1,56.12%,55.21%,grimmsnarl,https://play.limitlesstcg.net/0070/player/1713
392,Brendan Currier,US,25,8 - 5 - 1,56.10%,53.21%,dragapult,https://play.limitlesstcg.net/0070/player/3689
393,Kaylee Hatfield,US,25,8 - 5 - 1,56.10%,56.22%,trevenant,https://play.limitlesstcg.net/0070/player/2777
394,Douglas Mendoza,US,25,8 - 5 - 1,56.02%,57.00%,zoroark,https://play.limitlesstcg.net/0070/player/1270
395,BJ Brownell,US,25,8 - 5 - 1,55.80%,56.08%,raging-bolt,https://play.limitlesstcg.net/0070/player/0206
396,Aiden Tripi,US,25,8 - 5 - 1,55.78%,54.07%,dragapult,https://play.limitlesstcg.net/0070/player/3292
397,Joshua Hipsher,US,25,8 - 5 - 1,55.72%,55.22%,raging-bolt,https://play.limitlesstcg.net/0070/player/1927
398,Gaer Garduno,US,25,8 - 5 - 1,55.42%,56.58%,dragapult,https://play.limitlesstcg.net/0070/player/1229
399,Anthony Lopez,US,25,8 - 5 - 1,55.36%,57.24%,zoroark,https://play.limitlesstcg.net/0070/player/0434
400,Jack Lea,US,25,8 - 5 - 1,55.33%,55.92%,dragapult,https://play.limitlesstcg.net/0070/player/2058
401,Joseph Mandil,US,25,8 - 5 - 1,55.23%,55.34%,lopunny-mega,https://play.limitlesstcg.net/0070/player/1574
402,Alex Bortolini,IT,25,8 - 5 - 1,55.12%,57.82%,dragapult,https://play.limitlesstcg.net/0070/player/0494
403,Matthew Suarez,US,25,7 - 3 - 4,55.12%,55.92%,dragapult,https://play.limitlesstcg.net/0070/player/3408
404,Julio Santos De Leon,US,25,8 - 5 - 1,55.10%,56.56%,dragapult,https://play.limitlesstcg.net/0070/player/0286
405,Michael Bio,US,25,7 - 3 - 4,55.05%,57.12%,dragapult,https://play.limitlesstcg.net/0070/player/3431
406,Tucker Bethune,US,25,7 - 3 - 4,55.04%,55.75%,dragapult,https://play.limitlesstcg.net/0070/player/3027
407,Bryson Cliggett,US,25,8 - 5 - 1,55.00%,58.38%,trevenant,https://play.limitlesstcg.net/0070/player/0649
408,Evan Cole,US,25,7 - 3 - 4,54.79%,54.24%,lopunny-mega,https://play.limitlesstcg.net/0070/player/1663
409,Jack Wong,CA,25,7 - 3 - 4,54.77%,55.06%,dragapult,https://play.limitlesstcg.net/0070/player/2975
410,Marcos Gonzalez,US,25,8 - 5 - 1,54.77%,53.55%,honchkrow,https://play.limitlesstcg.net/0070/player/3079
411,Joshua Sanchez,US,25,7 - 3 - 4,54.73%,54.44%,dragapult,https://play.limitlesstcg.net/0070/player/0245
412,Lucas Oldale,CA,25,8 - 5 - 1,54.51%,55.37%,dragapult,https://play.limitlesstcg.net/0070/player/0185
413,Carter Goodrich,US,25,8 - 5 - 1,54.02%,52.38%,dragapult,https://play.limitlesstcg.net/0070/player/2389
414,Brennan Winkler,US,25,8 - 5 - 1,53.86%,54.98%,beedrill,https://play.limitlesstcg.net/0070/player/2962
415,Donald Cao,US,25,8 - 5 - 1,53.69%,53.35%,dragapult,https://play.limitlesstcg.net/0070/player/0823
416,Rolando Flores Estrada,US,25,8 - 5 - 1,53.67%,56.79%,dragapult,https://play.limitlesstcg.net/0070/player/2569
417,Michael Nguyen,US,25,8 - 5 - 1,53.40%,55.14%,dragapult,https://play.limitlesstcg.net/0070/player/1193
418,Trevor Rojas,US,25,8 - 5 - 1,53.25%,54.96%,dragapult,https://play.limitlesstcg.net/0070/player/2316
419,Sasha Huang,US,25,8 - 5 - 1,53.22%,55.41%,dragapult,https://play.limitlesstcg.net/0070/player/0313
420,Ryan Rossell,US,25,8 - 5 - 1,53.20%,54.97%,zoroark,https://play.limitlesstcg.net/0070/player/0563
421,Addison Yip,AU,25,8 - 5 - 1,53.02%,51.90%,alakazam,https://play.limitlesstcg.net/0070/player/1966
422,Cesar Rodriguez,US,25,8 - 5 - 1,52.53%,54.07%,dragapult,https://play.limitlesstcg.net/0070/player/3729
423,Corey Jones,US,25,8 - 5 - 1,51.85%,54.33%,dragapult,https://play.limitlesstcg.net/0070/player/2758
424,Asher Johnson,US,25,8 - 5 - 1,51.66%,53.41%,alakazam,https://play.limitlesstcg.net/0070/player/2645
425,Jovad Cruz,US,25,8 - 5 - 1,51.31%,56.79%,ogerpon,https://play.limitlesstcg.net/0070/player/1269
426,Jesse Gaynor,US,25,8 - 5 - 1,51.28%,55.77%,alakazam,https://play.limitlesstcg.net/0070/player/0198
427,Josh Mills,US,25,8 - 5 - 1,51.20%,53.49%,dragapult,https://play.limitlesstcg.net/0070/player/0961
428,Arjun Khadse,US,24,7 - 4 - 3,68.05%,56.53%,slowking,https://play.limitlesstcg.net/0070/player/1053
429,Christian Martinez,US,24,7 - 4 - 3,66.20%,57.46%,dragapult,https://play.limitlesstcg.net/0070/player/3432
430,Nathan Bussiere,CA,24,8 - 6 - 0,64.71%,59.21%,dragapult,https://play.limitlesstcg.net/0070/player/1346
431,Logan Hendrickson,US,24,8 - 6 - 0,63.90%,58.66%,dragapult,https://play.limitlesstcg.net/0070/player/3103
432,Trevor Griggs,US,24,7 - 4 - 3,62.95%,58.11%,slowking,https://play.limitlesstcg.net/0070/player/2689
433,Summer Zeigman,US,24,7 - 4 - 3,62.16%,58.22%,crustle,https://play.limitlesstcg.net/0070/player/1197
434,Meng-Yu Wang,US,24,7 - 4 - 3,61.52%,57.62%,dipplin,https://play.limitlesstcg.net/0070/player/0894
435,Bo Zhao,UK,24,8 - 6 - 0,61.46%,59.54%,dragapult,https://play.limitlesstcg.net/0070/player/3707
436,Lance Bradshaw,US,24,8 - 6 - 0,61.34%,58.81%,dragapult,https://play.limitlesstcg.net/0070/player/2009
437,Adrian Serrano,CR,24,7 - 4 - 3,61.03%,58.95%,slowking,https://play.limitlesstcg.net/0070/player/1109
438,Joseph Cajas,US,24,7 - 4 - 3,60.71%,59.15%,dragapult,https://play.limitlesstcg.net/0070/player/2919
439,Bryan Ortiz,CA,24,7 - 4 - 3,60.63%,57.58%,dragapult,https://play.limitlesstcg.net/0070/player/2618
440,Emmet Hurley,US,24,7 - 4 - 3,60.46%,59.12%,dragapult,https://play.limitlesstcg.net/0070/player/0849
441,Adewale Adeleke,US,24,8 - 6 - 0,60.38%,58.74%,dragapult,https://play.limitlesstcg.net/0070/player/1518
442,Anthony Ouertani,US,24,7 - 4 - 3,60.27%,57.22%,dragapult,https://play.limitlesstcg.net/0070/player/3162
443,William Au,US,24,7 - 4 - 3,60.27%,55.86%,dragapult,https://play.limitlesstcg.net/0070/player/3604
444,Joseph Maressa,US,24,7 - 4 - 3,60.08%,57.68%,dragapult,https://play.limitlesstcg.net/0070/player/3308
445,Cole Thomas,US,24,7 - 4 - 3,59.73%,59.21%,alakazam,https://play.limitlesstcg.net/0070/player/2216
446,EJ Argonza,US,24,7 - 4 - 3,59.38%,56.28%,ogerpon,https://play.limitlesstcg.net/0070/player/2985
447,Mason Bowser,US,24,7 - 4 - 3,59.25%,57.09%,dragapult,https://play.limitlesstcg.net/0070/player/0568
448,Matthew Mancuso,US,24,7 - 4 - 3,59.18%,55.35%,dragapult,https://play.limitlesstcg.net/0070/player/1555
449,Kento Ochi,JP,24,7 - 4 - 3,58.93%,57.46%,crustle,https://play.limitlesstcg.net/0070/player/2799
450,Iain Harding,US,24,7 - 4 - 3,58.89%,58.09%,dragapult,https://play.limitlesstcg.net/0070/player/0031
451,Trenton Ross,US,24,7 - 4 - 3,58.86%,56.89%,dragapult,https://play.limitlesstcg.net/0070/player/2517
452,Fabian Lomeli,MX,24,7 - 4 - 3,58.77%,55.99%,dragapult,https://play.limitlesstcg.net/0070/player/2820
453,Steven Hamula,US,24,7 - 4 - 3,58.55%,57.31%,dragapult,https://play.limitlesstcg.net/0070/player/1340
454,Charles Collier,US,24,8 - 6 - 0,58.35%,56.60%,dragapult,https://play.limitlesstcg.net/0070/player/1107
455,Kris Kavanagh,US,24,7 - 4 - 3,58.29%,60.01%,ogerpon,https://play.limitlesstcg.net/0070/player/3271
456,Zach Elliott,US,24,8 - 6 - 0,57.44%,58.29%,dragapult,https://play.limitlesstcg.net/0070/player/0889
457,Conan Craig,US,24,6 - 2 - 6,57.04%,55.65%,dragapult,https://play.limitlesstcg.net/0070/player/2085
458,Brandon Vo,US,24,8 - 6 - 0,57.00%,56.44%,dragapult,https://play.limitlesstcg.net/0070/player/1457
459,Timothy Bennett,US,24,8 - 6 - 0,55.88%,56.33%,lucario-mega,https://play.limitlesstcg.net/0070/player/2501
460,Jackson Rowley,US,24,6 - 2 - 6,55.87%,56.24%,crustle,https://play.limitlesstcg.net/0070/player/0727
461,Alex Frezza,US,24,7 - 4 - 3,55.48%,56.41%,alakazam,https://play.limitlesstcg.net/0070/player/0960
462,Pedro Hernandez,US,24,7 - 4 - 3,55.10%,56.89%,slowking,https://play.limitlesstcg.net/0070/player/0950
463,Christian Park,US,24,7 - 4 - 3,54.91%,56.20%,dragapult,https://play.limitlesstcg.net/0070/player/0478
464,Ashley Freije,US,24,7 - 4 - 3,54.78%,58.49%,dragapult,https://play.limitlesstcg.net/0070/player/3265
465,David Coates,US,24,7 - 4 - 3,54.70%,56.39%,dragapult,https://play.limitlesstcg.net/0070/player/0567
466,Kyle Spencer,US,24,6 - 2 - 6,54.70%,55.56%,ogerpon,https://play.limitlesstcg.net/0070/player/1044
467,Ezra Hoon,US,24,7 - 4 - 3,54.10%,58.41%,dragapult,https://play.limitlesstcg.net/0070/player/2997
468,Franco De Nardo,AR,24,7 - 4 - 3,54.06%,56.95%,slowking,https://play.limitlesstcg.net/0070/player/1706
469,Lucas Richardson,US,24,7 - 4 - 3,53.67%,52.51%,metagross,https://play.limitlesstcg.net/0070/player/0149
470,Curt Wong,US,24,7 - 4 - 3,52.55%,54.86%,zoroark,https://play.limitlesstcg.net/0070/player/1204
471,Darien Krys,CA,24,8 - 6 - 0,52.27%,57.03%,greninja-mega,https://play.limitlesstcg.net/0070/player/2004
472,Angel Howell,US,24,7 - 4 - 3,51.87%,55.73%,raging-bolt,https://play.limitlesstcg.net/0070/player/2548
473,Albert Wang,US,24,7 - 4 - 3,50.45%,53.21%,dragapult,https://play.limitlesstcg.net/0070/player/2218
474,MIRAI OKUBO,JP,24,7 - 4 - 3,48.40%,52.57%,ogerpon,https://play.limitlesstcg.net/0070/player/3723
475,Nick Dela Torre,US,23,7 - 5 - 2,62.11%,55.74%,dragapult,https://play.limitlesstcg.net/0070/player/3100
476,Alejandro Mena,US,23,7 - 5 - 2,61.46%,56.00%,dragapult,https://play.limitlesstcg.net/0070/player/1494
477,Dan Benipayo,US,23,5 - 1 - 8,61.22%,58.74%,crustle,https://play.limitlesstcg.net/0070/player/1247
478,Matt Bridges,US,23,7 - 5 - 2,60.88%,58.24%,ogerpon,https://play.limitlesstcg.net/0070/player/0054
479,Jake Blandina,US,23,6 - 3 - 5,60.46%,56.27%,dragapult,https://play.limitlesstcg.net/0070/player/0790
480,Shashi Naraine,CA,23,7 - 5 - 2,59.82%,57.66%,slowking,https://play.limitlesstcg.net/0070/player/1291
481,Benjamin Griffiths,US,23,7 - 5 - 2,59.32%,57.08%,starmie-mega,https://play.limitlesstcg.net/0070/player/3325
482,Ethan Yau,US,23,7 - 5 - 2,59.16%,56.99%,dipplin,https://play.limitlesstcg.net/0070/player/0978
483,Moon Nordvall,US,23,7 - 5 - 2,59.12%,55.93%,dragapult,https://play.limitlesstcg.net/0070/player/0770
484,Omar Villarreal,US,23,7 - 5 - 2,59.05%,60.17%,dipplin,https://play.limitlesstcg.net/0070/player/3140
485,Kraig Martin,US,23,7 - 5 - 2,58.93%,57.66%,ogerpon,https://play.limitlesstcg.net/0070/player/3560
486,Zach Bates,US,23,7 - 5 - 2,58.86%,54.86%,ogerpon,https://play.limitlesstcg.net/0070/player/2682
487,Albert Centeno,US,23,7 - 5 - 2,58.27%,58.79%,ogerpon,https://play.limitlesstcg.net/0070/player/2907
488,Stephen Alvarado,US,23,7 - 5 - 2,57.81%,54.20%,alakazam,https://play.limitlesstcg.net/0070/player/0932
489,Jed Betita,US,23,7 - 5 - 2,57.60%,56.24%,honchkrow,https://play.limitlesstcg.net/0070/player/1455
490,Satnam Benipal,US,23,7 - 5 - 2,57.55%,55.22%,slowking,https://play.limitlesstcg.net/0070/player/1349
491,Angelo toscano,US,23,7 - 5 - 2,57.44%,53.37%,honchkrow,https://play.limitlesstcg.net/0070/player/1606
492,Alexander Remick,US,23,7 - 5 - 2,57.39%,55.40%,beedrill,https://play.limitlesstcg.net/0070/player/0826
493,HÃ©ctor Xavier RodrÃ­guez Franco,MX,23,7 - 5 - 2,57.33%,56.50%,dragapult,https://play.limitlesstcg.net/0070/player/0239
494,Adam Lester,US,23,7 - 5 - 2,57.08%,57.58%,dragapult,https://play.limitlesstcg.net/0070/player/2836
495,Chad James,US,23,7 - 5 - 2,56.89%,56.25%,zoroark,https://play.limitlesstcg.net/0070/player/0592
496,Amy Jones,US,23,7 - 5 - 2,56.73%,57.44%,alakazam,https://play.limitlesstcg.net/0070/player/0369
497,Andrew Jin,US,23,7 - 5 - 2,56.55%,56.01%,greninja-mega,https://play.limitlesstcg.net/0070/player/0335
498,Ethan Ding,US,23,7 - 5 - 2,56.51%,56.73%,alakazam,https://play.limitlesstcg.net/0070/player/0065
499,Delong Nguyenthanh,US,23,7 - 5 - 2,56.48%,55.74%,ogerpon,https://play.limitlesstcg.net/0070/player/1750
500,Patrick Granda,US,23,7 - 5 - 2,56.34%,56.54%,alakazam,https://play.limitlesstcg.net/0070/player/2744
501,Zach Taylor,US,23,7 - 5 - 2,56.10%,55.87%,metagross,https://play.limitlesstcg.net/0070/player/0501
502,Hunter Slack,US,23,7 - 5 - 2,55.99%,55.46%,alakazam,https://play.limitlesstcg.net/0070/player/2503
503,Kris Hill,US,23,7 - 5 - 2,55.93%,55.18%,clefairy,https://play.limitlesstcg.net/0070/player/3392
504,Will Garcia II,US,23,7 - 5 - 2,55.92%,57.93%,garchomp,https://play.limitlesstcg.net/0070/player/1083
505,David Li,US,23,7 - 5 - 2,55.77%,57.12%,dragapult,https://play.limitlesstcg.net/0070/player/1878
506,Porter Beland,US,23,7 - 5 - 2,55.65%,54.40%,dragapult,https://play.limitlesstcg.net/0070/player/0244
507,Santiago Prieto,CL,23,7 - 5 - 2,55.60%,54.65%,sylveon,https://play.limitlesstcg.net/0070/player/0171
508,Steven Vuong,CA,23,7 - 5 - 2,55.43%,53.08%,zoroark,https://play.limitlesstcg.net/0070/player/2934
509,Kyle Mullanack,US,23,7 - 5 - 2,55.34%,54.26%,crustle,https://play.limitlesstcg.net/0070/player/3128
510,Ken Morishita,JP,23,7 - 5 - 2,55.29%,55.47%,dragapult,https://play.limitlesstcg.net/0070/player/1968
511,Johnny Ngo,US,23,7 - 5 - 2,54.93%,52.11%,ogerpon,https://play.limitlesstcg.net/0070/player/3391
512,Ryan Hughes,US,23,7 - 5 - 2,54.78%,56.64%,dragapult,https://play.limitlesstcg.net/0070/player/0872
